timestamp,open,high,low,close,volume
2025-04-04 11:00:00,1782.8,1786.96,1757.52,1783.16,484344.673
2025-04-04 12:00:00,1783.15,1802.0,1768.57,1788.1,455901.731
2025-04-04 13:00:00,1788.1,1808.45,1771.23,1801.33,494678.631
2025-04-04 14:00:00,1801.34,1804.92,1775.0,1789.48,420439.963
2025-04-04 15:00:00,1789.47,1820.18,1786.4,1794.47,594940.314
2025-04-04 16:00:00,1794.48,1803.12,1782.15,1796.74,376745.978
2025-04-04 17:00:00,1796.75,1828.71,1787.01,1820.36,443895.631
2025-04-04 18:00:00,1820.37,1822.45,1803.84,1805.54,197139.296
2025-04-04 19:00:00,1805.54,1814.8,1801.04,1809.02,151333.829
2025-04-04 20:00:00,1809.03,1822.19,1806.43,1817.97,100256.679
2025-04-04 21:00:00,1817.98,1827.99,1811.89,1817.36,87731.932
2025-04-04 22:00:00,1817.36,1825.73,1814.89,1818.41,71599.658
2025-04-04 23:00:00,1818.41,1819.21,1808.72,1815.97,79216.621
2025-04-05 00:00:00,1815.97,1824.28,1811.54,1822.0,84212.832
2025-04-05 01:00:00,1821.99,1826.63,1818.01,1818.63,90158.629
2025-04-05 02:00:00,1818.63,1820.62,1812.12,1814.91,70736.599
2025-04-05 03:00:00,1814.92,1815.66,1808.27,1809.01,62766.501
2025-04-05 04:00:00,1809.0,1815.0,1806.21,1807.42,53449.378
2025-04-05 05:00:00,1807.41,1814.7,1806.02,1809.14,48012.099
2025-04-05 06:00:00,1809.13,1813.0,1803.04,1808.66,67119.76
2025-04-05 07:00:00,1808.66,1813.82,1806.22,1812.4,54842.742
2025-04-05 08:00:00,1812.39,1814.46,1809.03,1812.96,43583.332
2025-04-05 09:00:00,1812.96,1821.26,1812.96,1819.87,76792.529
2025-04-05 10:00:00,1819.87,1820.7,1815.25,1817.26,56588.846
2025-04-05 11:00:00,1817.27,1818.5,1805.55,1806.6,116953.463
2025-04-05 12:00:00,1806.6,1807.61,1791.74,1797.03,180824.504
2025-04-05 13:00:00,1797.04,1797.92,1782.18,1786.13,188761.208
2025-04-05 14:00:00,1786.12,1794.18,1785.11,1789.92,171646.725
2025-04-05 15:00:00,1789.92,1789.92,1776.34,1781.1,167150.743
2025-04-05 16:00:00,1781.1,1787.6,1779.33,1783.9,97935.792
2025-04-05 17:00:00,1783.9,1789.26,1781.5,1786.59,46259.259
2025-04-05 18:00:00,1786.58,1793.67,1786.07,1792.3,62061.057
2025-04-05 19:00:00,1792.31,1794.86,1778.66,1781.33,64565.43
2025-04-05 20:00:00,1781.32,1804.5,1761.18,1789.64,347929.555
2025-04-05 21:00:00,1789.63,1794.67,1783.67,1789.61,71859.933
2025-04-05 22:00:00,1789.6,1796.94,1789.18,1796.46,53897.872
2025-04-05 23:00:00,1796.46,1809.3,1795.69,1805.15,80818.327
2025-04-06 00:00:00,1805.14,1813.0,1801.84,1809.59,126213.184
2025-04-06 01:00:00,1809.59,1816.38,1806.31,1809.75,86350.413
2025-04-06 02:00:00,1809.75,1812.79,1803.33,1803.5,65569.741
2025-04-06 03:00:00,1803.5,1809.11,1800.87,1809.11,64273.574
2025-04-06 04:00:00,1809.1,1810.5,1805.0,1808.84,38599.313
2025-04-06 05:00:00,1808.83,1812.6,1805.86,1810.45,52964.903
2025-04-06 06:00:00,1810.45,1811.86,1797.53,1797.7,81678.596
2025-04-06 07:00:00,1797.69,1800.77,1790.08,1796.84,107901.9
2025-04-06 08:00:00,1796.85,1797.28,1782.01,1794.41,166294.996
2025-04-06 09:00:00,1794.41,1795.9,1788.6,1790.14,65427.868
2025-04-06 10:00:00,1790.13,1791.64,1784.1,1789.23,93454.944
2025-04-06 11:00:00,1789.24,1790.48,1782.52,1788.22,73223.061
2025-04-06 12:00:00,1788.22,1791.1,1776.16,1777.19,128924.388
2025-04-06 13:00:00,1777.19,1780.12,1735.01,1747.57,720212.245
2025-04-06 14:00:00,1747.56,1770.0,1743.81,1769.04,340750.355
2025-04-06 15:00:00,1769.03,1772.95,1757.41,1758.8,155455.049
2025-04-06 16:00:00,1758.8,1759.21,1710.0,1730.25,421217.352
2025-04-06 17:00:00,1730.24,1733.25,1667.65,1684.0,1070873.352
2025-04-06 18:00:00,1684.0,1684.22,1601.0,1617.6,1514843.308
2025-04-06 19:00:00,1617.6,1635.54,1607.61,1625.22,699881.308
2025-04-06 20:00:00,1625.21,1630.45,1552.5,1574.04,1021357.333
2025-04-06 21:00:00,1574.05,1596.8,1570.08,1586.89,384866.175
2025-04-06 22:00:00,1586.89,1607.58,1563.0,1576.05,898396.43
2025-04-06 23:00:00,1576.05,1583.92,1535.27,1579.98,1009312.977
2025-04-07 00:00:00,1579.98,1585.57,1551.5,1572.06,568975.027
2025-04-07 01:00:00,1572.06,1613.51,1569.85,1597.49,625463.163
2025-04-07 02:00:00,1597.5,1600.66,1572.11,1578.33,291989.883
2025-04-07 03:00:00,1578.32,1581.95,1520.0,1542.79,754220.671
2025-04-07 04:00:00,1542.78,1558.37,1532.48,1547.5,491049.327
2025-04-07 05:00:00,1547.49,1561.0,1536.03,1539.72,381908.437
2025-04-07 06:00:00,1539.73,1552.15,1410.0,1430.48,2277392.454
2025-04-07 07:00:00,1430.49,1477.0,1430.45,1459.52,977685.244
2025-04-07 08:00:00,1459.51,1510.84,1454.8,1495.05,1118065.432
2025-04-07 09:00:00,1495.04,1505.84,1475.81,1483.73,611856.293
2025-04-07 10:00:00,1483.72,1520.75,1481.12,1490.7,760162.305
2025-04-07 11:00:00,1490.71,1503.2,1473.66,1482.34,436362.042
2025-04-07 12:00:00,1482.34,1526.48,1477.17,1520.01,784846.525
2025-04-07 13:00:00,1520.01,1557.76,1486.23,1549.52,1116966.81
2025-04-07 14:00:00,1549.51,1638.47,1538.22,1569.04,2788436.254
2025-04-07 15:00:00,1569.08,1576.8,1533.24,1555.54,882473.683
2025-04-07 16:00:00,1555.54,1556.81,1525.21,1528.49,529211.145
2025-04-07 17:00:00,1528.49,1572.11,1528.34,1565.28,614623.611
2025-04-07 18:00:00,1565.32,1571.5,1545.85,1548.52,425819.749
2025-04-07 19:00:00,1548.53,1562.18,1541.21,1544.56,379131.676
2025-04-07 20:00:00,1544.56,1579.53,1544.19,1570.22,274403.33
2025-04-07 21:00:00,1570.21,1576.13,1554.24,1568.01,141451.184
2025-04-07 22:00:00,1568.0,1584.58,1564.71,1577.83,172830.148
2025-04-07 23:00:00,1577.83,1581.61,1550.56,1552.44,226746.959
2025-04-08 00:00:00,1552.44,1562.63,1543.2,1543.77,214148.035
2025-04-08 01:00:00,1543.77,1593.41,1540.19,1590.54,409107.804
2025-04-08 02:00:00,1590.55,1618.0,1586.06,1588.95,411814.672
2025-04-08 03:00:00,1588.96,1592.22,1578.66,1583.96,146159.227
2025-04-08 04:00:00,1583.95,1602.29,1583.01,1597.85,207502.935
2025-04-08 05:00:00,1597.85,1601.48,1581.3,1590.97,179653.312
2025-04-08 06:00:00,1590.96,1590.96,1573.4,1575.65,181519.807
2025-04-08 07:00:00,1575.64,1577.9,1560.86,1569.98,194043.783
2025-04-08 08:00:00,1569.97,1570.66,1553.48,1566.18,209051.85
2025-04-08 09:00:00,1566.17,1575.5,1563.51,1567.47,192185.35
2025-04-08 10:00:00,1567.47,1573.75,1564.38,1565.57,119124.95
2025-04-08 11:00:00,1565.57,1589.48,1564.16,1587.56,278125.074
2025-04-08 12:00:00,1587.57,1592.79,1566.76,1570.71,338379.184
2025-04-08 13:00:00,1570.69,1585.89,1548.08,1567.65,688932.409
2025-04-08 14:00:00,1567.67,1582.74,1530.0,1530.34,670798.56
2025-04-08 15:00:00,1530.34,1538.47,1517.12,1530.75,617792.806
2025-04-08 16:00:00,1530.75,1532.24,1481.24,1486.0,841964.636
2025-04-08 17:00:00,1485.99,1488.9,1453.46,1480.05,1117154.672
2025-04-08 18:00:00,1480.05,1501.5,1470.82,1474.96,583879.398
2025-04-08 19:00:00,1474.97,1478.0,1454.26,1466.03,480006.158
2025-04-08 20:00:00,1466.07,1482.0,1459.27,1481.4,269681.709
2025-04-08 21:00:00,1481.42,1485.6,1463.07,1476.66,196266.856
2025-04-08 22:00:00,1476.67,1477.79,1441.62,1466.4,403987.622
2025-04-08 23:00:00,1466.4,1475.96,1461.72,1472.67,246586.021
2025-04-09 00:00:00,1472.68,1481.69,1462.89,1466.81,383927.399
2025-04-09 01:00:00,1466.79,1468.57,1384.0,1434.3,1451181.861
2025-04-09 02:00:00,1434.31,1453.69,1414.16,1418.47,527978.683
2025-04-09 03:00:00,1418.48,1425.72,1406.79,1417.96,428439.788
2025-04-09 04:00:00,1417.96,1449.81,1414.0,1439.74,548126.574
2025-04-09 05:00:00,1439.74,1463.38,1438.39,1458.33,354603.262
2025-04-09 06:00:00,1458.33,1476.19,1457.08,1459.19,354404.317
2025-04-09 07:00:00,1459.2,1491.68,1457.67,1482.9,596468.109
2025-04-09 08:00:00,1482.89,1487.97,1470.19,1481.83,351655.725
2025-04-09 09:00:00,1481.82,1485.71,1470.36,1478.71,200618.074
2025-04-09 10:00:00,1478.7,1496.0,1472.16,1485.43,343721.274
2025-04-09 11:00:00,1485.43,1486.48,1444.0,1454.64,1224382.666
2025-04-09 12:00:00,1454.64,1468.88,1439.03,1460.96,501644.336
2025-04-09 13:00:00,1460.95,1498.7,1454.68,1486.7,907570.934
2025-04-09 14:00:00,1486.69,1501.03,1468.68,1470.35,717126.001
2025-04-09 15:00:00,1470.35,1496.16,1468.47,1484.8,464929.635
2025-04-09 16:00:00,1484.79,1509.0,1481.15,1502.0,526890.007
2025-04-09 17:00:00,1502.0,1639.03,1483.21,1631.82,2853204.817
2025-04-09 18:00:00,1631.9,1672.8,1612.17,1627.6,1650049.213
2025-04-09 19:00:00,1627.61,1646.58,1622.74,1639.73,425477.097
2025-04-09 20:00:00,1639.73,1678.9,1639.73,1673.06,401559.588
2025-04-09 21:00:00,1673.07,1688.0,1660.24,1670.98,445968.454
2025-04-09 22:00:00,1670.97,1683.61,1665.32,1670.54,200528.575
2025-04-09 23:00:00,1670.53,1674.0,1655.1,1668.69,256114.234
2025-04-10 00:00:00,1668.7,1669.19,1633.45,1645.94,350288.261
2025-04-10 01:00:00,1645.95,1651.42,1628.11,1637.29,207741.166
2025-04-10 02:00:00,1637.29,1645.6,1629.33,1632.5,210120.05
2025-04-10 03:00:00,1632.49,1635.66,1601.0,1616.39,505823.75
2025-04-10 04:00:00,1616.39,1620.0,1605.0,1618.68,241924.583
2025-04-10 05:00:00,1618.67,1625.48,1613.58,1616.39,190158.563
2025-04-10 06:00:00,1616.4,1622.18,1605.61,1615.54,196867.628
2025-04-10 07:00:00,1615.55,1619.99,1582.5,1595.03,431179.609
2025-04-10 08:00:00,1595.03,1598.2,1582.15,1592.0,209854.77
2025-04-10 09:00:00,1591.99,1606.02,1585.29,1603.23,248495.787
2025-04-10 10:00:00,1603.23,1605.23,1587.0,1594.01,197447.588
2025-04-10 11:00:00,1594.0,1596.12,1580.5,1593.92,199414.496
2025-04-10 12:00:00,1593.91,1627.61,1581.12,1592.63,775927.658
2025-04-10 13:00:00,1592.62,1595.67,1555.0,1568.24,746110.237
2025-04-10 14:00:00,1568.24,1584.05,1555.24,1564.83,525883.712
2025-04-10 15:00:00,1564.82,1567.12,1482.56,1495.0,1675432.239
2025-04-10 16:00:00,1494.99,1513.19,1470.84,1509.76,1174976.938
2025-04-10 17:00:00,1509.77,1519.45,1486.62,1510.73,611840.99
2025-04-10 18:00:00,1510.73,1522.11,1506.61,1517.74,342694.927
2025-04-10 19:00:00,1517.73,1531.74,1509.79,1513.67,331207.592
2025-04-10 20:00:00,1513.67,1533.0,1513.05,1530.44,175101.938
2025-04-10 21:00:00,1530.43,1532.63,1518.43,1524.04,111222.034
2025-04-10 22:00:00,1524.04,1532.14,1519.82,1523.94,106054.658
2025-04-10 23:00:00,1523.95,1527.73,1513.6,1521.57,179423.867
2025-04-11 00:00:00,1521.56,1528.44,1503.63,1507.4,293448.25
2025-04-11 01:00:00,1507.4,1547.74,1506.17,1541.99,459297.775
2025-04-11 02:00:00,1541.98,1550.0,1532.33,1533.67,281656.661
2025-04-11 03:00:00,1533.63,1545.39,1533.61,1543.63,155004.264
2025-04-11 04:00:00,1543.63,1557.74,1541.63,1546.71,245195.022
2025-04-11 05:00:00,1546.72,1552.52,1540.1,1548.45,131196.733
2025-04-11 06:00:00,1548.45,1561.95,1548.45,1551.93,209199.205
2025-04-11 07:00:00,1551.93,1557.7,1545.8,1551.99,143097.715
2025-04-11 08:00:00,1551.99,1572.32,1536.47,1550.79,561676.112
2025-04-11 09:00:00,1550.79,1569.9,1543.45,1563.19,295356.403
2025-04-11 10:00:00,1563.18,1585.18,1552.86,1567.44,404818.979
2025-04-11 11:00:00,1567.43,1574.52,1554.73,1557.93,259646.896
2025-04-11 12:00:00,1557.94,1573.0,1552.5,1557.4,279740.168
2025-04-11 13:00:00,1557.4,1580.78,1548.6,1569.8,502456.005
2025-04-11 14:00:00,1569.8,1569.8,1540.36,1555.59,558587.614
2025-04-11 15:00:00,1555.59,1569.96,1553.0,1564.79,252772.549
2025-04-11 16:00:00,1564.8,1572.94,1554.9,1564.78,205202.088
2025-04-11 17:00:00,1564.79,1590.88,1562.14,1579.04,358792.204
2025-04-11 18:00:00,1579.04,1581.6,1560.35,1561.42,232160.515
2025-04-11 19:00:00,1561.42,1571.92,1561.0,1564.84,121517.346
2025-04-11 20:00:00,1564.83,1574.0,1562.02,1570.65,104955.506
2025-04-11 21:00:00,1570.66,1586.31,1564.61,1572.22,203452.59
2025-04-11 22:00:00,1572.23,1574.9,1565.0,1565.59,91632.021
2025-04-11 23:00:00,1565.58,1570.38,1556.4,1565.96,117220.065
2025-04-12 00:00:00,1565.97,1569.16,1559.72,1561.3,123782.353
2025-04-12 01:00:00,1561.3,1563.9,1551.0,1553.76,123830.959
2025-04-12 02:00:00,1553.76,1556.42,1545.06,1546.87,169771.636
2025-04-12 03:00:00,1546.88,1558.85,1545.78,1553.61,122452.026
2025-04-12 04:00:00,1553.61,1570.0,1549.51,1566.83,195797.708
2025-04-12 05:00:00,1566.84,1571.96,1563.8,1567.91,133682.346
2025-04-12 06:00:00,1567.9,1578.14,1567.9,1573.03,154379.767
2025-04-12 07:00:00,1573.02,1584.53,1570.38,1581.24,170242.12
2025-04-12 08:00:00,1581.23,1605.71,1580.01,1590.96,375926.763
2025-04-12 09:00:00,1590.96,1602.57,1587.64,1596.71,163153.64
2025-04-12 10:00:00,1596.71,1596.91,1586.8,1591.21,121871.138
2025-04-12 11:00:00,1591.21,1597.88,1591.21,1593.21,75630.51
2025-04-12 12:00:00,1593.22,1616.0,1589.79,1606.37,326499.616
2025-04-12 13:00:00,1606.38,1646.46,1604.97,1637.94,744092.222
2025-04-12 14:00:00,1637.92,1669.85,1635.0,1653.13,713562.7
2025-04-12 15:00:00,1653.13,1666.96,1647.31,1655.1,346154.396
2025-04-12 16:00:00,1655.09,1661.57,1636.38,1642.99,337244.819
2025-04-12 17:00:00,1642.98,1646.39,1627.42,1633.15,333361.914
2025-04-12 18:00:00,1633.14,1654.44,1632.36,1649.92,196814.851
2025-04-12 19:00:00,1649.92,1650.88,1633.96,1641.89,170446.945
2025-04-12 20:00:00,1641.9,1659.68,1640.35,1648.41,231537.679
2025-04-12 21:00:00,1648.41,1654.43,1644.73,1646.73,99512.948
2025-04-12 22:00:00,1646.74,1655.8,1646.73,1649.46,91411.246
2025-04-12 23:00:00,1649.46,1651.53,1642.3,1643.6,83353.685
2025-04-13 00:00:00,1643.6,1649.07,1633.89,1641.29,154068.332
2025-04-13 01:00:00,1641.29,1649.2,1608.0,1616.24,309424.262
2025-04-13 02:00:00,1616.24,1628.0,1605.68,1624.51,256066.576
2025-04-13 03:00:00,1624.51,1628.66,1620.75,1623.6,121959.666
2025-04-13 04:00:00,1623.6,1623.91,1602.12,1608.29,247439.048
2025-04-13 05:00:00,1608.28,1612.96,1596.21,1608.56,235404.136
2025-04-13 06:00:00,1608.57,1623.0,1607.04,1616.17,161215.888
2025-04-13 07:00:00,1616.17,1620.76,1610.0,1612.77,100404.458
2025-04-13 08:00:00,1612.78,1621.29,1607.8,1619.7,130131.021
2025-04-13 09:00:00,1619.7,1626.99,1616.16,1626.27,169954.394
2025-04-13 10:00:00,1626.28,1627.45,1611.22,1617.06,142806.134
2025-04-13 11:00:00,1617.06,1617.9,1590.71,1603.62,347056.918
2025-04-13 12:00:00,1603.61,1608.5,1598.73,1602.37,181876.275
2025-04-13 13:00:00,1602.38,1607.28,1565.11,1573.46,531070.129
2025-04-13 14:00:00,1573.46,1588.76,1567.21,1585.2,402635.006
2025-04-13 15:00:00,1585.2,1588.0,1578.79,1585.92,141998.484
2025-04-13 16:00:00,1585.92,1601.98,1585.64,1595.01,247949.783
2025-04-13 17:00:00,1595.01,1648.73,1593.5,1635.98,618353.401
2025-04-13 18:00:00,1636.0,1646.76,1625.37,1629.09,278362.915
2025-04-13 19:00:00,1629.09,1629.56,1559.4,1589.42,680812.602
2025-04-13 20:00:00,1589.42,1616.29,1583.0,1590.25,426666.717
2025-04-13 21:00:00,1590.26,1602.32,1571.03,1593.09,323409.41
2025-04-13 22:00:00,1593.09,1599.6,1583.0,1585.6,158497.598
2025-04-13 23:00:00,1585.6,1599.66,1580.91,1596.92,127799.339
2025-04-14 00:00:00,1596.93,1633.54,1594.73,1611.12,440365.774
2025-04-14 01:00:00,1611.12,1621.88,1608.19,1616.66,125900.39
2025-04-14 02:00:00,1616.67,1659.81,1613.61,1634.64,478575.952
2025-04-14 03:00:00,1634.63,1637.25,1625.28,1629.01,182669.168
2025-04-14 04:00:00,1629.01,1641.85,1626.84,1636.02,139332.337
2025-04-14 05:00:00,1636.02,1639.65,1620.0,1623.76,182847.331
2025-04-14 06:00:00,1623.77,1627.5,1613.64,1622.95,153631.627
2025-04-14 07:00:00,1622.94,1635.99,1611.51,1634.92,192690.213
2025-04-14 08:00:00,1634.92,1641.81,1628.64,1637.57,175696.942
2025-04-14 09:00:00,1637.58,1644.78,1630.6,1640.56,179765.638
2025-04-14 10:00:00,1640.56,1684.47,1638.44,1678.4,685741.866
2025-04-14 11:00:00,1678.4,1691.57,1670.86,1674.63,422678.656
2025-04-14 12:00:00,1674.63,1677.58,1665.14,1677.14,212997.19
2025-04-14 13:00:00,1677.14,1679.94,1647.27,1657.7,484787.033
2025-04-14 14:00:00,1657.71,1689.27,1654.15,1672.63,404870.478
2025-04-14 15:00:00,1672.62,1674.35,1618.29,1626.96,830142.784
2025-04-14 16:00:00,1626.97,1636.0,1613.37,1627.0,398682.283
2025-04-14 17:00:00,1627.01,1649.0,1626.07,1647.28,330141.525
2025-04-14 18:00:00,1647.27,1650.8,1634.24,1639.69,215335.528
2025-04-14 19:00:00,1639.7,1646.66,1630.47,1635.92,166506.824
2025-04-14 20:00:00,1635.95,1637.35,1625.65,1634.6,139105.085
2025-04-14 21:00:00,1634.6,1634.93,1603.0,1623.94,203327.547
2025-04-14 22:00:00,1623.94,1624.53,1613.38,1620.5,98938.764
2025-04-14 23:00:00,1620.49,1628.64,1617.31,1623.02,127444.995
2025-04-15 00:00:00,1623.02,1633.69,1613.65,1630.4,186218.335
2025-04-15 01:00:00,1630.4,1638.15,1614.56,1633.58,212521.668
2025-04-15 02:00:00,1633.57,1637.35,1616.13,1631.08,225295.987
2025-04-15 03:00:00,1631.08,1643.21,1626.83,1637.15,164793.261
2025-04-15 04:00:00,1637.15,1640.59,1631.45,1638.52,124959.512
2025-04-15 05:00:00,1638.53,1648.0,1638.05,1638.11,162329.768
2025-04-15 06:00:00,1638.11,1642.55,1632.77,1636.0,98506.439
2025-04-15 07:00:00,1636.0,1646.27,1635.61,1644.18,96858.105
2025-04-15 08:00:00,1644.18,1648.0,1637.75,1640.23,141164.512
2025-04-15 09:00:00,1640.22,1651.79,1633.47,1647.71,190884.781
2025-04-15 10:00:00,1647.7,1650.8,1625.25,1632.31,254733.198
2025-04-15 11:00:00,1632.3,1632.62,1621.32,1631.18,167314.96
2025-04-15 12:00:00,1631.17,1642.33,1627.81,1641.09,167055.274
2025-04-15 13:00:00,1641.09,1660.68,1620.0,1628.25,585176.975
2025-04-15 14:00:00,1628.26,1636.48,1600.01,1619.57,771180.948
2025-04-15 15:00:00,1619.58,1630.97,1611.01,1620.12,280138.707
2025-04-15 16:00:00,1620.11,1627.19,1618.01,1621.8,171749.525
2025-04-15 17:00:00,1621.79,1626.28,1612.0,1615.37,171054.227
2025-04-15 18:00:00,1615.36,1618.37,1603.4,1609.77,213287.284
2025-04-15 19:00:00,1609.76,1612.63,1594.21,1606.17,227873.363
2025-04-15 20:00:00,1606.17,1614.35,1585.51,1594.39,238775.565
2025-04-15 21:00:00,1594.38,1605.41,1588.96,1602.83,131928.072
2025-04-15 22:00:00,1602.83,1603.28,1582.14,1590.23,171395.97
2025-04-15 23:00:00,1590.23,1596.91,1584.5,1588.0,174901.142
2025-04-16 00:00:00,1588.0,1594.39,1575.04,1580.0,261742.51
2025-04-16 01:00:00,1580.0,1599.97,1577.83,1595.75,218550.607
2025-04-16 02:00:00,1595.76,1603.81,1591.91,1597.64,181207.099
2025-04-16 03:00:00,1597.64,1600.2,1588.12,1590.02,102956.441
2025-04-16 04:00:00,1590.03,1592.76,1576.01,1586.47,250630.105
2025-04-16 05:00:00,1586.46,1592.0,1550.0,1568.51,641116.389
2025-04-16 06:00:00,1568.51,1579.4,1565.56,1575.77,141082.956
2025-04-16 07:00:00,1575.77,1578.56,1561.86,1563.45,153028.185
2025-04-16 08:00:00,1563.44,1582.75,1555.72,1574.64,382816.127
2025-04-16 09:00:00,1574.65,1578.98,1566.42,1567.34,139294.195
2025-04-16 10:00:00,1567.34,1582.0,1566.74,1580.68,133532.931
2025-04-16 11:00:00,1580.69,1585.0,1575.35,1583.25,139943.713
2025-04-16 12:00:00,1583.26,1587.77,1573.99,1576.5,201706.342
2025-04-16 13:00:00,1576.5,1581.76,1565.02,1566.62,321652.402
2025-04-16 14:00:00,1566.62,1598.88,1566.16,1590.0,549472.311
2025-04-16 15:00:00,1590.0,1614.95,1584.12,1589.91,445095.02
2025-04-16 16:00:00,1589.91,1596.33,1575.25,1591.69,264328.885
2025-04-16 17:00:00,1591.69,1612.36,1537.56,1545.02,940952.761
2025-04-16 18:00:00,1545.03,1579.69,1542.43,1565.59,686082.24
2025-04-16 19:00:00,1565.6,1594.94,1551.2,1588.16,445596.092
2025-04-16 20:00:00,1588.13,1593.53,1569.24,1572.83,184864.003
2025-04-16 21:00:00,1572.83,1598.01,1570.75,1591.38,217645.148
2025-04-16 22:00:00,1591.4,1592.41,1582.98,1586.97,111610.931
2025-04-16 23:00:00,1586.98,1587.95,1572.0,1576.58,107188.389
2025-04-17 00:00:00,1576.57,1586.26,1574.0,1584.61,124722.546
2025-04-17 01:00:00,1584.6,1593.92,1582.0,1588.66,159959.076
2025-04-17 02:00:00,1588.66,1592.81,1581.08,1590.99,104851.764
2025-04-17 03:00:00,1590.98,1594.9,1576.51,1584.04,143628.144
2025-04-17 04:00:00,1584.04,1592.0,1580.14,1590.48,98291.1
2025-04-17 05:00:00,1590.48,1602.97,1589.1,1598.29,166525.66
2025-04-17 06:00:00,1598.28,1608.85,1596.5,1601.36,164977.739
2025-04-17 07:00:00,1601.36,1609.9,1598.96,1600.99,146427.754
2025-04-17 08:00:00,1600.99,1603.5,1593.5,1594.77,124920.665
2025-04-17 09:00:00,1594.76,1596.85,1590.65,1594.54,125793.431
2025-04-17 10:00:00,1594.54,1596.28,1587.69,1592.91,105241.65
2025-04-17 11:00:00,1592.92,1598.02,1588.15,1592.5,126856.947
2025-04-17 12:00:00,1592.51,1602.76,1592.16,1600.93,166065.263
2025-04-17 13:00:00,1600.94,1600.94,1588.44,1593.01,213728.213
2025-04-17 14:00:00,1593.01,1593.94,1562.26,1568.97,543695.899
2025-04-17 15:00:00,1568.96,1586.89,1568.96,1582.42,299478.616
2025-04-17 16:00:00,1582.43,1616.81,1576.58,1604.77,710391.303
2025-04-17 17:00:00,1604.77,1615.7,1599.95,1609.47,275509.541
2025-04-17 18:00:00,1609.47,1615.0,1600.0,1600.01,259843.925
2025-04-17 19:00:00,1600.02,1603.12,1575.36,1580.4,476533.922
2025-04-17 20:00:00,1580.4,1590.08,1579.25,1583.7,174593.252
2025-04-17 21:00:00,1583.7,1590.97,1581.72,1586.69,72087.332
2025-04-17 22:00:00,1586.68,1591.0,1578.0,1578.41,81335.998
2025-04-17 23:00:00,1578.41,1587.68,1578.41,1582.84,77054.802
2025-04-18 00:00:00,1582.84,1584.32,1576.21,1579.0,91318.259
2025-04-18 01:00:00,1578.99,1588.69,1577.11,1582.22,98979.158
2025-04-18 02:00:00,1582.21,1586.78,1578.0,1583.97,78673.497
2025-04-18 03:00:00,1583.97,1584.8,1578.26,1583.4,75147.466
2025-04-18 04:00:00,1583.4,1584.49,1578.02,1580.23,70016.522
2025-04-18 05:00:00,1580.23,1581.09,1572.65,1580.77,134456.289
2025-04-18 06:00:00,1580.76,1581.3,1575.03,1580.48,76218.017
2025-04-18 07:00:00,1580.48,1584.47,1575.98,1583.45,99073.249
2025-04-18 08:00:00,1583.46,1592.4,1582.79,1586.18,126714.146
2025-04-18 09:00:00,1586.17,1591.28,1583.34,1587.65,84512.322
2025-04-18 10:00:00,1587.64,1589.3,1582.06,1583.38,79836.847
2025-04-18 11:00:00,1583.37,1590.46,1581.34,1589.89,92964.731
2025-04-18 12:00:00,1589.9,1596.63,1586.18,1592.45,144490.868
2025-04-18 13:00:00,1592.45,1592.97,1586.19,1592.08,99927.576
2025-04-18 14:00:00,1592.08,1595.42,1585.21,1588.34,136110.76
2025-04-18 15:00:00,1588.34,1589.2,1577.56,1582.27,180356.958
2025-04-18 16:00:00,1582.28,1587.28,1580.95,1586.71,87747.04
2025-04-18 17:00:00,1586.71,1592.22,1584.35,1591.03,143548.894
2025-04-18 18:00:00,1591.03,1594.28,1589.0,1592.72,106000.583
2025-04-18 19:00:00,1592.72,1594.45,1589.82,1592.38,85733.136
2025-04-18 20:00:00,1592.38,1593.92,1589.04,1592.56,62188.803
2025-04-18 21:00:00,1592.56,1600.0,1591.81,1598.98,88943.689
2025-04-18 22:00:00,1598.98,1599.3,1591.24,1592.0,53891.771
2025-04-18 23:00:00,1592.0,1592.46,1586.27,1587.91,103613.156
2025-04-19 00:00:00,1587.91,1589.71,1584.01,1585.69,68646.336
2025-04-19 01:00:00,1585.69,1590.41,1585.12,1589.41,61230.334
2025-04-19 02:00:00,1589.42,1595.74,1587.0,1591.66,84747.886
2025-04-19 03:00:00,1591.67,1599.72,1591.49,1597.2,129186.66
2025-04-19 04:00:00,1597.2,1613.0,1596.22,1602.83,255473.844
2025-04-19 05:00:00,1602.84,1605.31,1600.41,1601.68,64223.376
2025-04-19 06:00:00,1601.68,1602.56,1594.32,1595.71,90713.98
2025-04-19 07:00:00,1595.71,1603.45,1595.71,1600.27,77936.219
2025-04-19 08:00:00,1600.28,1604.66,1597.8,1602.18,66991.297
2025-04-19 09:00:00,1602.18,1606.02,1596.9,1597.69,85970.993
2025-04-19 10:00:00,1597.68,1600.35,1593.23,1595.67,98156.917
2025-04-19 11:00:00,1595.67,1598.0,1594.08,1596.29,55028.821
2025-04-19 12:00:00,1596.29,1598.6,1594.38,1596.51,46415.959
2025-04-19 13:00:00,1596.51,1606.13,1594.56,1603.72,120944.71
2025-04-19 14:00:00,1603.72,1607.77,1602.23,1605.5,123278.165
2025-04-19 15:00:00,1605.5,1612.0,1602.7,1606.59,171954.742
2025-04-19 16:00:00,1606.6,1610.34,1597.76,1599.11,168795.164
2025-04-19 17:00:00,1599.11,1632.29,1598.43,1618.03,322267.431
2025-04-19 18:00:00,1618.03,1622.48,1613.77,1614.39,126418.505
2025-04-19 19:00:00,1614.39,1617.75,1612.5,1613.99,56102.695
2025-04-19 20:00:00,1613.99,1616.29,1610.21,1613.23,56176.927
2025-04-19 21:00:00,1613.23,1622.11,1613.06,1620.04,67587.056
2025-04-19 22:00:00,1620.04,1620.61,1615.03,1618.65,42948.667
2025-04-19 23:00:00,1618.65,1619.99,1611.07,1612.44,62774.425
2025-04-20 00:00:00,1612.45,1614.55,1607.2,1609.46,92812.771
2025-04-20 01:00:00,1609.45,1618.32,1608.82,1617.1,85711.016
2025-04-20 02:00:00,1617.1,1618.46,1612.6,1615.37,50086.656
2025-04-20 03:00:00,1615.37,1616.21,1608.76,1611.14,83752.972
2025-04-20 04:00:00,1611.15,1617.0,1610.38,1613.88,54200.88
2025-04-20 05:00:00,1613.88,1615.74,1608.62,1609.18,60223.131
2025-04-20 06:00:00,1609.17,1612.64,1601.93,1604.78,131891.63
2025-04-20 07:00:00,1604.78,1604.79,1580.0,1596.62,338727.023
2025-04-20 08:00:00,1596.63,1596.88,1585.59,1589.34,138188.773
2025-04-20 09:00:00,1589.34,1592.64,1587.6,1591.0,96262.786
2025-04-20 10:00:00,1591.0,1592.0,1567.93,1573.8,337894.506
2025-04-20 11:00:00,1573.8,1579.27,1564.69,1571.78,276567.145
2025-04-20 12:00:00,1571.78,1579.0,1570.46,1575.07,157381.248
2025-04-20 13:00:00,1575.06,1580.78,1570.21,1576.64,126279.876
2025-04-20 14:00:00,1576.64,1583.39,1575.62,1579.34,114375.804
2025-04-20 15:00:00,1579.33,1579.99,1570.19,1572.8,118010.888
2025-04-20 16:00:00,1572.8,1582.0,1570.45,1580.5,104587.259
2025-04-20 17:00:00,1580.49,1581.0,1575.08,1578.65,54162.598
2025-04-20 18:00:00,1578.65,1581.26,1577.38,1580.58,55008.162
2025-04-20 19:00:00,1580.57,1587.13,1578.01,1585.34,71853.425
2025-04-20 20:00:00,1585.34,1600.0,1584.05,1589.06,225820.477
2025-04-20 21:00:00,1589.05,1590.47,1582.26,1588.21,89556.799
2025-04-20 22:00:00,1588.2,1588.46,1573.36,1581.32,144932.511
2025-04-20 23:00:00,1581.3,1587.3,1581.3,1586.56,92632.651
2025-04-21 00:00:00,1586.57,1620.0,1585.28,1609.49,504606.317
2025-04-21 01:00:00,1609.5,1629.52,1607.26,1627.99,391185.19
2025-04-21 02:00:00,1627.99,1645.34,1624.16,1632.01,532118.011
2025-04-21 03:00:00,1632.0,1642.48,1631.37,1634.06,242108.282
2025-04-21 04:00:00,1634.06,1640.8,1630.4,1639.52,192061.181
2025-04-21 05:00:00,1639.53,1657.12,1636.77,1647.53,327599.193
2025-04-21 06:00:00,1647.54,1658.0,1645.0,1647.38,194622.933
2025-04-21 07:00:00,1647.38,1650.0,1640.7,1645.1,169979.372
2025-04-21 08:00:00,1645.11,1648.87,1643.16,1648.57,93159.5
2025-04-21 09:00:00,1648.56,1654.64,1638.55,1641.99,209144.871
2025-04-21 10:00:00,1641.99,1642.88,1627.18,1635.16,253531.582
2025-04-21 11:00:00,1635.15,1635.64,1617.04,1625.66,302485.441
2025-04-21 12:00:00,1625.66,1630.93,1622.95,1622.97,186862.749
2025-04-21 13:00:00,1622.97,1630.0,1610.4,1611.02,376646.871
2025-04-21 14:00:00,1611.01,1641.39,1607.63,1633.62,676781.303
2025-04-21 15:00:00,1633.6,1634.69,1618.12,1622.5,276332.772
2025-04-21 16:00:00,1622.5,1625.41,1586.26,1588.88,496484.242
2025-04-21 17:00:00,1588.88,1589.52,1570.41,1577.72,767385.007
2025-04-21 18:00:00,1577.71,1578.52,1566.13,1566.82,381020.501
2025-04-21 19:00:00,1566.81,1580.3,1560.62,1572.86,423594.582
2025-04-21 20:00:00,1572.86,1577.51,1570.01,1576.81,127413.364
2025-04-21 21:00:00,1576.81,1579.55,1571.36,1577.52,112557.44
2025-04-21 22:00:00,1577.51,1578.0,1570.44,1576.85,113225.11
2025-04-21 23:00:00,1576.85,1579.97,1571.2,1578.64,119172.54
2025-04-22 00:00:00,1578.63,1579.98,1535.0,1567.94,588615.667
2025-04-22 01:00:00,1567.95,1588.38,1563.7,1586.48,432890.761
2025-04-22 02:00:00,1586.47,1593.23,1565.7,1576.24,342958.725
2025-04-22 03:00:00,1576.24,1580.0,1570.3,1578.21,138751.026
2025-04-22 04:00:00,1578.21,1586.07,1576.62,1576.94,139619.062
2025-04-22 05:00:00,1576.94,1583.6,1573.07,1582.94,127098.569
2025-04-22 06:00:00,1582.95,1584.87,1573.84,1582.98,144661.525
2025-04-22 07:00:00,1582.97,1623.5,1581.68,1618.6,697084.584
2025-04-22 08:00:00,1618.6,1634.07,1618.09,1627.07,382501.762
2025-04-22 09:00:00,1627.07,1632.99,1620.94,1624.65,243390.512
2025-04-22 10:00:00,1624.65,1629.37,1612.41,1627.65,293197.439
2025-04-22 11:00:00,1627.65,1638.0,1624.86,1630.14,237044.985
2025-04-22 12:00:00,1630.14,1639.65,1626.45,1634.13,269159.357
2025-04-22 13:00:00,1634.14,1653.2,1626.0,1642.31,677221.702
2025-04-22 14:00:00,1642.31,1680.0,1637.13,1674.63,955571.22
2025-04-22 15:00:00,1674.64,1725.93,1673.63,1702.41,1498005.264
2025-04-22 16:00:00,1702.41,1710.0,1685.32,1691.13,381483.383
2025-04-22 17:00:00,1691.11,1702.49,1681.42,1699.62,400798.192
2025-04-22 18:00:00,1699.62,1706.78,1694.95,1703.16,201358.622
2025-04-22 19:00:00,1703.17,1704.71,1683.0,1697.54,218089.777
2025-04-22 20:00:00,1697.53,1701.16,1691.49,1694.52,127350.665
2025-04-22 21:00:00,1694.51,1779.02,1693.49,1753.65,1017542.321
2025-04-22 22:00:00,1753.65,1761.39,1737.62,1744.97,403646.442
2025-04-22 23:00:00,1745.0,1763.9,1743.91,1755.57,389627.893
2025-04-23 00:00:00,1755.58,1762.86,1744.3,1750.73,286401.004
2025-04-23 01:00:00,1750.73,1789.0,1746.69,1761.34,582605.227
2025-04-23 02:00:00,1761.33,1807.36,1760.45,1791.3,565103.782
2025-04-23 03:00:00,1791.31,1796.85,1778.89,1794.51,314642.802
2025-04-23 04:00:00,1794.51,1817.98,1781.19,1816.18,337968.492
2025-04-23 05:00:00,1816.18,1816.19,1793.22,1796.68,450083.688
2025-04-23 06:00:00,1796.68,1801.68,1785.36,1788.27,254167.442
2025-04-23 07:00:00,1788.26,1794.48,1773.1,1791.27,382173.199
2025-04-23 08:00:00,1791.28,1800.88,1785.08,1790.59,255149.14
2025-04-23 09:00:00,1790.59,1801.39,1785.0,1785.01,197372.71
2025-04-23 10:00:00,1785.02,1809.0,1778.29,1802.96,356098.342
2025-04-23 11:00:00,1802.97,1812.04,1791.83,1796.74,248687.484
2025-04-23 12:00:00,1796.74,1838.0,1794.31,1814.3,489935.999
2025-04-23 13:00:00,1814.3,1836.98,1781.15,1786.19,964117.738
2025-04-23 14:00:00,1786.2,1802.61,1780.4,1787.32,487979.332
2025-04-23 15:00:00,1787.32,1797.66,1761.0,1793.7,757606.457
2025-04-23 16:00:00,1793.71,1797.0,1781.17,1791.9,306605.931
2025-04-23 17:00:00,1791.89,1803.69,1787.0,1799.99,232369.984
2025-04-23 18:00:00,1799.99,1809.6,1793.02,1797.55,193105.374
2025-04-23 19:00:00,1797.55,1798.6,1773.43,1785.44,294175.266
2025-04-23 20:00:00,1785.44,1799.47,1784.78,1794.7,116690.181
2025-04-23 21:00:00,1794.71,1798.22,1785.88,1790.86,65619.065
2025-04-23 22:00:00,1790.87,1805.47,1788.59,1802.87,85823.187
2025-04-23 23:00:00,1802.88,1806.28,1790.59,1794.46,85041.294
2025-04-24 00:00:00,1794.45,1797.98,1782.51,1789.1,132134.116
2025-04-24 01:00:00,1789.11,1797.41,1780.42,1793.33,150441.478
2025-04-24 02:00:00,1793.33,1802.27,1774.11,1778.4,203166.389
2025-04-24 03:00:00,1778.41,1790.45,1765.52,1767.3,287324.632
2025-04-24 04:00:00,1767.29,1772.9,1757.06,1771.44,252242.009
2025-04-24 05:00:00,1771.45,1775.71,1765.64,1768.61,115897.549
2025-04-24 06:00:00,1768.61,1775.39,1761.0,1767.34,123459.496
2025-04-24 07:00:00,1767.34,1773.99,1750.8,1755.61,267089.365
2025-04-24 08:00:00,1755.6,1759.88,1721.22,1733.8,700425.497
2025-04-24 09:00:00,1733.8,1746.32,1733.48,1742.7,284680.761
2025-04-24 10:00:00,1742.7,1750.92,1739.12,1749.46,153414.364
2025-04-24 11:00:00,1749.47,1756.7,1740.51,1754.05,182649.944
2025-04-24 12:00:00,1754.04,1757.26,1746.44,1756.99,168337.131
2025-04-24 13:00:00,1756.99,1759.99,1743.12,1752.83,214814.509
2025-04-24 14:00:00,1752.83,1775.81,1751.9,1764.54,514721.867
2025-04-24 15:00:00,1764.54,1777.33,1761.2,1763.83,254545.155
2025-04-24 16:00:00,1763.83,1776.85,1762.5,1769.38,190557.905
2025-04-24 17:00:00,1769.38,1773.15,1745.09,1754.47,404903.409
2025-04-24 18:00:00,1754.46,1768.85,1754.04,1762.3,181144.608
2025-04-24 19:00:00,1762.31,1765.76,1755.01,1762.21,105149.271
2025-04-24 20:00:00,1762.21,1769.64,1760.13,1761.32,82611.42
2025-04-24 21:00:00,1761.32,1763.59,1747.81,1760.27,93592.261
2025-04-24 22:00:00,1760.27,1764.35,1755.05,1759.29,60454.779
2025-04-24 23:00:00,1759.29,1774.17,1758.0,1768.8,123575.456
2025-04-25 00:00:00,1768.79,1774.81,1762.19,1773.29,127816.745
2025-04-25 01:00:00,1773.29,1789.88,1764.03,1765.0,254203.977
2025-04-25 02:00:00,1765.0,1769.82,1737.4,1743.79,316276.26
2025-04-25 03:00:00,1743.78,1761.5,1739.0,1760.0,209703.441
2025-04-25 04:00:00,1760.0,1771.41,1757.25,1765.34,148863.266
2025-04-25 05:00:00,1765.34,1770.33,1762.31,1766.62,79798.572
2025-04-25 06:00:00,1766.63,1779.99,1764.67,1776.19,175262.2
2025-04-25 07:00:00,1776.18,1781.23,1769.22,1776.38,173689.84
2025-04-25 08:00:00,1776.39,1778.26,1771.57,1774.38,107652.486
2025-04-25 09:00:00,1774.39,1792.72,1763.08,1787.42,265092.206
2025-04-25 10:00:00,1787.43,1791.22,1768.0,1770.76,324856.756
2025-04-25 11:00:00,1770.77,1789.56,1770.66,1789.47,225693.498
2025-04-25 12:00:00,1789.47,1802.0,1769.45,1772.0,484174.019
2025-04-25 13:00:00,1772.0,1778.23,1755.81,1768.11,391601.228
2025-04-25 14:00:00,1768.1,1813.31,1767.03,1807.6,721028.222
2025-04-25 15:00:00,1807.59,1826.91,1800.15,1805.7,643195.892
2025-04-25 16:00:00,1805.69,1808.58,1786.68,1800.77,331240.319
2025-04-25 17:00:00,1800.76,1809.81,1781.32,1784.8,322750.491
2025-04-25 18:00:00,1784.81,1802.35,1784.8,1795.46,142374.768
2025-04-25 19:00:00,1795.47,1802.28,1790.81,1801.45,112748.354
2025-04-25 20:00:00,1801.45,1805.71,1791.43,1797.41,114136.499
2025-04-25 21:00:00,1797.41,1808.87,1784.06,1789.03,162962.923
2025-04-25 22:00:00,1789.02,1798.61,1787.73,1794.92,47833.722
2025-04-25 23:00:00,1794.92,1798.0,1783.0,1783.77,106154.492
2025-04-26 00:00:00,1783.76,1798.06,1783.76,1795.71,173542.929
2025-04-26 01:00:00,1795.7,1815.05,1790.55,1806.39,205853.359
2025-04-26 02:00:00,1806.4,1814.58,1800.42,1807.14,173036.705
2025-04-26 03:00:00,1807.15,1809.26,1791.74,1796.51,157086.389
2025-04-26 04:00:00,1796.5,1799.66,1788.96,1790.91,106928.832
2025-04-26 05:00:00,1790.9,1797.0,1788.01,1793.37,80720.197
2025-04-26 06:00:00,1793.37,1806.36,1792.86,1802.14,108994.701
2025-04-26 07:00:00,1802.13,1809.94,1799.02,1799.54,159373.166
2025-04-26 08:00:00,1799.54,1841.49,1797.05,1805.47,667829.56
2025-04-26 09:00:00,1805.47,1814.54,1791.93,1802.5,265894.458
2025-04-26 10:00:00,1802.49,1810.01,1800.5,1802.85,116585.264
2025-04-26 11:00:00,1802.85,1805.59,1777.31,1784.73,326845.037
2025-04-26 12:00:00,1784.73,1798.47,1783.19,1790.77,226736.359
2025-04-26 13:00:00,1790.77,1794.75,1778.88,1789.71,170483.309
2025-04-26 14:00:00,1789.7,1795.91,1784.2,1791.28,114708.402
2025-04-26 15:00:00,1791.29,1803.94,1791.28,1799.39,159828.732
2025-04-26 16:00:00,1799.38,1804.09,1795.0,1802.34,99487.555
2025-04-26 17:00:00,1802.34,1806.64,1798.46,1803.78,71986.353
2025-04-26 18:00:00,1803.78,1807.71,1799.89,1802.0,62789.21
2025-04-26 19:00:00,1801.99,1814.95,1800.09,1812.21,82589.348
2025-04-26 20:00:00,1812.22,1817.97,1804.52,1805.03,98686.257
2025-04-26 21:00:00,1805.03,1815.0,1804.86,1811.22,66838.419
2025-04-26 22:00:00,1811.23,1830.78,1811.23,1815.37,187457.308
2025-04-26 23:00:00,1815.37,1822.15,1813.0,1820.0,81306.0
2025-04-27 00:00:00,1819.99,1849.0,1819.11,1841.3,382318.377
2025-04-27 01:00:00,1841.29,1857.0,1800.0,1803.62,634981.439
2025-04-27 02:00:00,1803.62,1817.05,1800.0,1812.02,140189.894
2025-04-27 03:00:00,1812.03,1816.5,1804.35,1808.74,112247.931
2025-04-27 04:00:00,1808.74,1810.77,1795.75,1797.22,149346.193
2025-04-27 05:00:00,1797.21,1805.88,1788.88,1797.74,190386.531
2025-04-27 06:00:00,1797.74,1803.58,1796.68,1799.93,115750.671
2025-04-27 07:00:00,1799.94,1804.5,1796.13,1802.98,68907.629
2025-04-27 08:00:00,1802.98,1814.99,1800.58,1809.06,150670.725
2025-04-27 09:00:00,1809.06,1812.08,1804.18,1809.65,70843.176
2025-04-27 10:00:00,1809.66,1812.2,1805.0,1808.26,70377.084
2025-04-27 11:00:00,1808.25,1809.03,1802.6,1805.04,71420.26
2025-04-27 12:00:00,1805.03,1806.69,1792.9,1795.23,202767.864
2025-04-27 13:00:00,1795.23,1799.55,1780.25,1796.92,284770.087
2025-04-27 14:00:00,1796.93,1807.96,1791.95,1795.51,177058.575
2025-04-27 15:00:00,1795.51,1796.85,1788.05,1792.88,119733.441
2025-04-27 16:00:00,1792.88,1797.39,1786.18,1794.59,103161.023
2025-04-27 17:00:00,1794.58,1801.25,1792.01,1797.25,73886.15
2025-04-27 18:00:00,1797.26,1807.77,1796.15,1802.61,79525.568
2025-04-27 19:00:00,1802.6,1807.44,1799.9,1806.95,50430.396
2025-04-27 20:00:00,1806.95,1807.25,1797.57,1801.61,70612.693
2025-04-27 21:00:00,1801.6,1806.53,1795.12,1802.14,46850.052
2025-04-27 22:00:00,1802.14,1802.44,1783.1,1793.61,182028.631
2025-04-27 23:00:00,1793.6,1795.45,1787.45,1790.21,71291.216
2025-04-28 00:00:00,1790.22,1793.25,1766.26,1772.79,462341.913
2025-04-28 01:00:00,1772.79,1777.8,1750.99,1763.11,407306.619
2025-04-28 02:00:00,1763.11,1773.34,1761.04,1772.02,149744.814
2025-04-28 03:00:00,1772.02,1786.59,1768.6,1783.25,145024.726
2025-04-28 04:00:00,1783.24,1793.6,1783.24,1786.85,152074.77
2025-04-28 05:00:00,1786.85,1802.4,1785.1,1794.77,186690.517
2025-04-28 06:00:00,1794.77,1805.22,1794.5,1803.8,150901.449
2025-04-28 07:00:00,1803.8,1811.82,1799.28,1803.95,178266.15
2025-04-28 08:00:00,1803.95,1809.63,1800.56,1808.5,106862.368
2025-04-28 09:00:00,1808.49,1815.78,1803.52,1804.83,140454.708
2025-04-28 10:00:00,1804.84,1823.7,1787.1,1814.41,540962.985
2025-04-28 11:00:00,1814.42,1826.71,1809.29,1815.0,272516.806
2025-04-28 12:00:00,1815.0,1816.48,1803.13,1805.7,259470.107
2025-04-28 13:00:00,1805.7,1809.53,1780.96,1783.2,435761.845
2025-04-28 14:00:00,1783.21,1798.21,1778.48,1781.0,326275.382
2025-04-28 15:00:00,1781.0,1784.69,1751.42,1762.08,508152.326
2025-04-28 16:00:00,1762.08,1767.59,1742.15,1757.05,433076.823
2025-04-28 17:00:00,1757.04,1773.68,1753.37,1770.01,229024.051
2025-04-28 18:00:00,1770.0,1781.34,1763.6,1777.37,186436.691
2025-04-28 19:00:00,1777.36,1805.0,1776.78,1796.36,458004.593
2025-04-28 20:00:00,1796.35,1798.35,1782.62,1785.11,143101.862
2025-04-28 21:00:00,1785.1,1794.1,1780.24,1792.7,107015.6
2025-04-28 22:00:00,1792.69,1805.85,1790.8,1801.21,225527.085
2025-04-28 23:00:00,1801.21,1806.87,1794.25,1799.22,147734.497
2025-04-29 00:00:00,1799.21,1805.15,1792.65,1801.27,153802.792
2025-04-29 01:00:00,1801.26,1810.92,1791.7,1795.7,208885.684
2025-04-29 02:00:00,1795.71,1801.27,1786.68,1793.91,144253.073
2025-04-29 03:00:00,1793.92,1804.61,1791.43,1801.26,120271.505
2025-04-29 04:00:00,1801.26,1804.11,1788.16,1791.72,158336.016
2025-04-29 05:00:00,1791.72,1795.75,1787.37,1794.01,92815.702
2025-04-29 06:00:00,1794.01,1821.5,1793.31,1820.37,360193.06
2025-04-29 07:00:00,1820.37,1824.24,1815.48,1820.77,180778.406
2025-04-29 08:00:00,1820.77,1836.84,1815.76,1831.68,306388.387
2025-04-29 09:00:00,1831.69,1834.65,1823.49,1831.05,201435.298
2025-04-29 10:00:00,1831.05,1842.82,1821.96,1824.97,364572.043
2025-04-29 11:00:00,1824.97,1837.65,1824.21,1828.9,169697.739
2025-04-29 12:00:00,1828.89,1832.58,1819.9,1820.98,175778.447
2025-04-29 13:00:00,1820.97,1824.02,1801.0,1813.42,568076.145
2025-04-29 14:00:00,1813.43,1825.5,1807.15,1822.43,340681.517
2025-04-29 15:00:00,1822.43,1824.53,1811.0,1814.21,156904.817
2025-04-29 16:00:00,1814.2,1831.49,1812.46,1815.29,267224.136
2025-04-29 17:00:00,1815.29,1829.0,1806.0,1824.33,248435.866
2025-04-29 18:00:00,1824.34,1827.98,1820.0,1824.58,104821.314
2025-04-29 19:00:00,1824.57,1828.0,1818.0,1820.92,97450.992
2025-04-29 20:00:00,1820.92,1824.87,1806.03,1807.74,159133.477
2025-04-29 21:00:00,1807.73,1810.68,1788.3,1799.26,298839.456
2025-04-29 22:00:00,1799.25,1799.25,1789.0,1791.55,160338.298
2025-04-29 23:00:00,1791.55,1798.87,1779.36,1796.57,276204.275
2025-04-30 00:00:00,1796.57,1812.48,1793.46,1804.48,212469.699
2025-04-30 01:00:00,1804.48,1805.59,1787.72,1796.73,127909.602
2025-04-30 02:00:00,1796.74,1805.46,1792.5,1802.19,117580.397
2025-04-30 03:00:00,1802.19,1811.88,1797.5,1808.19,115282.399
2025-04-30 04:00:00,1808.18,1812.22,1804.41,1811.1,95928.465
2025-04-30 05:00:00,1811.1,1811.48,1800.45,1805.27,110615.069
2025-04-30 06:00:00,1805.26,1807.97,1801.86,1802.39,62520.931
2025-04-30 07:00:00,1802.39,1806.85,1790.0,1795.55,155798.99
2025-04-30 08:00:00,1795.54,1801.38,1791.61,1794.31,139903.788
2025-04-30 09:00:00,1794.32,1807.7,1793.96,1805.62,134718.378
2025-04-30 10:00:00,1805.62,1810.0,1802.9,1806.6,100410.498
2025-04-30 11:00:00,1806.59,1816.0,1806.59,1814.79,169597.321
2025-04-30 12:00:00,1814.79,1815.48,1766.0,1774.28,744498.826
2025-04-30 13:00:00,1774.28,1775.17,1733.6,1740.14,836394.398
2025-04-30 14:00:00,1740.14,1772.67,1730.6,1758.12,787120.599
2025-04-30 15:00:00,1758.13,1770.91,1756.37,1763.72,246060.56
2025-04-30 16:00:00,1763.72,1770.33,1755.02,1767.0,171358.913
2025-04-30 17:00:00,1767.01,1778.94,1760.65,1774.7,198649.334
2025-04-30 18:00:00,1774.71,1788.93,1772.08,1781.66,287521.779
2025-04-30 19:00:00,1781.65,1792.39,1775.14,1785.96,179598.748
2025-04-30 20:00:00,1786.08,1809.19,1784.0,1793.01,345793.094
2025-04-30 21:00:00,1793.0,1799.93,1790.0,1791.51,99756.583
2025-04-30 22:00:00,1791.51,1798.69,1788.06,1794.57,92165.018
2025-04-30 23:00:00,1794.58,1798.9,1791.26,1792.71,94890.099
2025-05-01 00:00:00,1792.71,1798.15,1791.55,1796.88,78934.331
2025-05-01 01:00:00,1796.87,1810.0,1796.87,1809.22,149630.913
2025-05-01 02:00:00,1809.23,1818.18,1805.23,1806.76,230925.264
2025-05-01 03:00:00,1806.76,1813.48,1804.49,1807.28,127928.31
2025-05-01 04:00:00,1807.28,1809.49,1803.11,1808.3,95061.908
2025-05-01 05:00:00,1808.3,1816.77,1804.76,1812.7,134540.111
2025-05-01 06:00:00,1812.7,1814.48,1804.16,1805.59,80920.601
2025-05-01 07:00:00,1805.59,1814.07,1801.24,1809.74,90211.966
2025-05-01 08:00:00,1809.74,1820.0,1807.74,1816.9,164407.237
2025-05-01 09:00:00,1816.9,1823.94,1813.99,1816.61,186238.9
2025-05-01 10:00:00,1816.61,1850.84,1816.61,1847.0,685159.496
2025-05-01 11:00:00,1847.0,1858.73,1837.24,1844.79,401664.756
2025-05-01 12:00:00,1844.79,1854.72,1841.27,1848.2,242551.375
2025-05-01 13:00:00,1848.21,1850.58,1823.47,1825.81,627986.103
2025-05-01 14:00:00,1825.81,1849.42,1825.81,1847.63,342024.513
2025-05-01 15:00:00,1847.62,1872.71,1843.6,1851.99,576814.978
2025-05-01 16:00:00,1852.0,1869.4,1850.97,1858.69,227061.727
2025-05-01 17:00:00,1858.69,1863.92,1845.23,1854.99,219405.676
2025-05-01 18:00:00,1854.99,1857.82,1846.5,1854.99,130269.29
2025-05-01 19:00:00,1855.0,1855.27,1838.08,1842.12,158791.476
2025-05-01 20:00:00,1842.11,1850.45,1836.05,1838.61,169298.969
2025-05-01 21:00:00,1838.6,1848.8,1838.26,1842.97,71826.686
2025-05-01 22:00:00,1842.98,1845.25,1836.5,1837.89,76139.897
2025-05-01 23:00:00,1837.89,1840.25,1831.8,1837.19,92913.555
2025-05-02 00:00:00,1837.18,1849.56,1834.06,1846.59,191413.191
2025-05-02 01:00:00,1846.59,1850.49,1838.0,1841.69,122840.321
2025-05-02 02:00:00,1841.69,1848.88,1838.13,1845.86,81399.131
2025-05-02 03:00:00,1845.87,1849.8,1842.73,1846.66,76572.59
2025-05-02 04:00:00,1846.66,1850.86,1838.16,1840.51,108345.699
2025-05-02 05:00:00,1840.51,1843.18,1826.72,1831.06,179220.749
2025-05-02 06:00:00,1831.06,1836.59,1827.08,1831.31,151175.571
2025-05-02 07:00:00,1831.31,1831.31,1815.0,1815.3,336519.153
2025-05-02 08:00:00,1815.29,1825.79,1812.0,1822.7,229809.694
2025-05-02 09:00:00,1822.69,1826.24,1819.42,1819.74,113254.131
2025-05-02 10:00:00,1819.74,1834.92,1819.63,1828.5,293852.855
2025-05-02 11:00:00,1828.49,1834.64,1828.49,1832.39,101315.159
2025-05-02 12:00:00,1832.39,1847.11,1822.13,1840.11,331680.728
2025-05-02 13:00:00,1840.1,1841.45,1828.07,1832.9,187256.001
2025-05-02 14:00:00,1832.89,1851.0,1832.7,1848.0,316743.487
2025-05-02 15:00:00,1847.99,1853.58,1831.15,1840.21,230952.132
2025-05-02 16:00:00,1840.21,1871.06,1840.14,1851.93,551283.638
2025-05-02 17:00:00,1851.94,1852.8,1840.55,1851.57,192297.109
2025-05-02 18:00:00,1851.57,1854.9,1844.4,1848.2,99396.25
2025-05-02 19:00:00,1848.19,1849.73,1830.79,1838.78,159283.934
2025-05-02 20:00:00,1838.78,1847.23,1834.74,1846.01,71905.672
2025-05-02 21:00:00,1846.0,1846.01,1832.22,1836.85,71106.41
2025-05-02 22:00:00,1836.84,1839.14,1832.1,1834.39,73870.31
2025-05-02 23:00:00,1834.38,1841.83,1833.63,1841.22,58476.429
2025-05-03 00:00:00,1841.22,1842.44,1835.37,1838.06,62074.512
2025-05-03 01:00:00,1838.07,1839.75,1825.52,1828.0,140119.578
2025-05-03 02:00:00,1827.99,1834.94,1827.71,1833.22,73365.49
2025-05-03 03:00:00,1833.22,1837.17,1830.41,1834.08,49933.224
2025-05-03 04:00:00,1834.07,1838.55,1833.0,1837.45,47255.401
2025-05-03 05:00:00,1837.44,1837.71,1832.13,1832.44,50358.55
2025-05-03 06:00:00,1832.44,1832.65,1823.39,1826.46,148082.654
2025-05-03 07:00:00,1826.45,1829.23,1823.93,1825.58,72095.525
2025-05-03 08:00:00,1825.58,1829.61,1821.32,1824.63,120966.975
2025-05-03 09:00:00,1824.64,1827.99,1818.0,1826.58,139835.646
2025-05-03 10:00:00,1826.56,1829.99,1816.23,1818.61,207216.634
2025-05-03 11:00:00,1818.62,1825.49,1817.66,1823.35,103750.678
2025-05-03 12:00:00,1823.34,1832.06,1823.1,1828.62,148506.755
2025-05-03 13:00:00,1828.62,1836.15,1828.08,1834.15,101966.404
2025-05-03 14:00:00,1834.14,1836.2,1830.19,1834.29,79028.911
2025-05-03 15:00:00,1834.29,1839.27,1832.1,1833.51,99740.861
2025-05-03 16:00:00,1833.51,1834.39,1822.31,1826.23,131999.556
2025-05-03 17:00:00,1826.23,1826.51,1807.75,1823.02,356798.088
2025-05-03 18:00:00,1823.02,1830.44,1821.69,1825.18,105522.219
2025-05-03 19:00:00,1825.17,1838.56,1823.79,1837.61,105841.758
2025-05-03 20:00:00,1837.62,1838.99,1833.75,1838.04,69860.31
2025-05-03 21:00:00,1838.03,1848.0,1835.42,1840.28,138851.143
2025-05-03 22:00:00,1840.29,1844.9,1835.02,1842.05,68592.311
2025-05-03 23:00:00,1842.05,1842.63,1827.79,1832.55,179880.377
2025-05-04 00:00:00,1832.55,1841.28,1829.07,1835.74,121079.322
2025-05-04 01:00:00,1835.74,1840.34,1828.28,1836.68,97433.233
2025-05-04 02:00:00,1836.68,1848.84,1829.0,1833.19,181012.943
2025-05-04 03:00:00,1833.2,1835.74,1825.28,1831.24,98359.247
2025-05-04 04:00:00,1831.24,1836.48,1828.43,1829.74,69181.755
2025-05-04 05:00:00,1829.75,1849.53,1829.23,1844.99,220781.066
2025-05-04 06:00:00,1844.99,1848.51,1838.51,1844.69,115712.568
2025-05-04 07:00:00,1844.69,1845.95,1835.41,1840.24,83693.332
2025-05-04 08:00:00,1840.24,1840.73,1828.61,1830.11,171570.45
2025-05-04 09:00:00,1830.1,1831.92,1822.14,1827.01,211294.822
2025-05-04 10:00:00,1827.0,1828.67,1820.75,1826.36,95942.784
2025-05-04 11:00:00,1826.35,1835.36,1824.56,1826.69,133862.651
2025-05-04 12:00:00,1826.68,1833.07,1826.14,1829.35,64298.126
2025-05-04 13:00:00,1829.35,1832.23,1817.03,1824.29,161255.864
2025-05-04 14:00:00,1824.29,1831.62,1823.41,1830.14,95951.31
2025-05-04 15:00:00,1830.14,1832.76,1824.65,1829.63,84171.394
2025-05-04 16:00:00,1829.64,1832.28,1821.69,1826.97,130151.441
2025-05-04 17:00:00,1826.97,1830.65,1821.06,1826.99,113057.187
2025-05-04 18:00:00,1827.0,1830.51,1824.62,1825.03,45645.857
2025-05-04 19:00:00,1825.04,1830.27,1823.75,1827.58,50430.608
2025-05-04 20:00:00,1827.59,1841.76,1827.3,1835.41,144272.874
2025-05-04 21:00:00,1835.41,1836.52,1831.04,1834.43,44949.269
2025-05-04 22:00:00,1834.42,1834.52,1810.51,1816.93,264038.903
2025-05-04 23:00:00,1816.92,1818.27,1801.71,1807.87,257610.35
2025-05-05 00:00:00,1807.87,1817.6,1805.34,1814.9,164049.226
2025-05-05 01:00:00,1814.9,1816.28,1780.02,1790.79,378858.438
2025-05-05 02:00:00,1790.78,1801.94,1780.64,1798.57,329840.405
2025-05-05 03:00:00,1798.57,1800.17,1792.36,1793.86,113985.137
2025-05-05 04:00:00,1793.85,1804.8,1792.0,1804.0,101284.177
2025-05-05 05:00:00,1804.0,1818.0,1800.12,1815.72,163013.978
2025-05-05 06:00:00,1815.72,1820.97,1811.0,1819.21,178841.829
2025-05-05 07:00:00,1819.21,1829.07,1815.71,1825.74,184550.607
2025-05-05 08:00:00,1825.73,1830.72,1822.51,1827.59,139677.587
2025-05-05 09:00:00,1827.59,1829.98,1821.69,1822.77,107421.69
2025-05-05 10:00:00,1822.77,1823.28,1797.0,1803.93,373581.705
2025-05-05 11:00:00,1803.93,1810.0,1798.09,1803.81,247463.477
2025-05-05 12:00:00,1803.81,1808.8,1799.0,1804.83,134088.65
2025-05-05 13:00:00,1804.82,1808.43,1793.29,1807.92,293684.058
2025-05-05 14:00:00,1807.91,1814.86,1798.09,1803.55,251786.494
2025-05-05 15:00:00,1803.55,1807.59,1794.3,1800.14,165298.39
2025-05-05 16:00:00,1800.14,1811.39,1799.86,1807.21,206584.1
2025-05-05 17:00:00,1807.21,1817.03,1804.39,1813.86,131786.606
2025-05-05 18:00:00,1813.85,1828.0,1811.23,1821.96,211071.846
2025-05-05 19:00:00,1821.95,1825.77,1812.65,1815.65,122406.691
2025-05-05 20:00:00,1815.64,1815.7,1797.79,1808.19,180080.855
2025-05-05 21:00:00,1808.19,1818.84,1807.58,1815.71,110097.699
2025-05-05 22:00:00,1815.7,1832.98,1815.38,1825.33,228111.929
2025-05-05 23:00:00,1825.33,1829.42,1816.16,1819.43,123789.791
2025-05-06 00:00:00,1819.43,1820.0,1810.01,1813.26,121989.372
2025-05-06 01:00:00,1813.27,1820.3,1802.2,1803.48,182909.763
2025-05-06 02:00:00,1803.47,1806.49,1791.57,1802.63,271747.482
2025-05-06 03:00:00,1802.62,1806.6,1796.49,1805.5,121889.376
2025-05-06 04:00:00,1805.49,1808.04,1802.75,1806.19,64496.34
2025-05-06 05:00:00,1806.18,1807.27,1797.26,1798.03,91919.609
2025-05-06 06:00:00,1798.03,1805.6,1797.68,1805.57,69600.164
2025-05-06 07:00:00,1805.57,1808.55,1800.6,1805.0,76849.658
2025-05-06 08:00:00,1804.99,1805.17,1787.04,1800.73,246787.731
2025-05-06 09:00:00,1800.73,1800.89,1791.3,1797.19,88004.815
2025-05-06 10:00:00,1797.19,1797.22,1781.4,1784.22,227925.954
2025-05-06 11:00:00,1784.21,1789.83,1755.71,1769.1,587668.134
2025-05-06 12:00:00,1769.09,1775.99,1765.93,1774.33,224104.758
2025-05-06 13:00:00,1774.33,1774.91,1750.0,1758.16,418569.349
2025-05-06 14:00:00,1758.17,1779.08,1758.17,1767.71,327136.491
2025-05-06 15:00:00,1767.7,1778.23,1759.35,1769.31,229006.621
2025-05-06 16:00:00,1769.31,1774.26,1761.0,1762.1,188402.302
2025-05-06 17:00:00,1762.09,1775.78,1761.96,1767.0,168536.152
2025-05-06 18:00:00,1766.99,1790.68,1765.82,1789.04,203040.109
2025-05-06 19:00:00,1789.04,1798.41,1783.51,1784.05,267555.761
2025-05-06 20:00:00,1784.06,1788.37,1767.25,1774.48,235639.565
2025-05-06 21:00:00,1774.47,1780.43,1764.39,1775.01,119752.076
2025-05-06 22:00:00,1775.0,1813.0,1774.72,1810.24,502127.935
2025-05-06 23:00:00,1810.24,1818.62,1801.06,1816.22,308532.043
2025-05-07 00:00:00,1816.23,1847.79,1813.47,1841.63,629213.09
2025-05-07 01:00:00,1841.62,1850.0,1827.32,1832.0,386809.34
2025-05-07 02:00:00,1831.99,1834.49,1820.6,1824.04,275681.556
2025-05-07 03:00:00,1824.04,1827.73,1816.22,1825.6,192502.249
2025-05-07 04:00:00,1825.6,1832.8,1823.69,1827.88,115875.546
2025-05-07 05:00:00,1827.87,1830.0,1824.64,1827.6,69631.898
2025-05-07 06:00:00,1827.6,1833.57,1825.62,1829.8,113753.234
2025-05-07 07:00:00,1829.81,1837.85,1829.25,1837.26,108629.24
2025-05-07 08:00:00,1837.27,1843.75,1833.32,1839.9,204566.23
2025-05-07 09:00:00,1839.9,1844.87,1837.17,1843.2,110457.223
2025-05-07 10:00:00,1843.2,1846.5,1829.47,1832.71,287170.359
2025-05-07 11:00:00,1832.72,1836.28,1830.0,1835.48,95635.009
2025-05-07 12:00:00,1835.48,1836.2,1826.0,1829.76,157229.47
2025-05-07 13:00:00,1829.75,1834.43,1821.64,1827.97,264216.331
2025-05-07 14:00:00,1827.97,1832.5,1815.6,1821.5,248580.881
2025-05-07 15:00:00,1821.5,1824.55,1813.36,1816.73,194881.419
2025-05-07 16:00:00,1816.72,1817.33,1798.69,1810.89,346347.712
2025-05-07 17:00:00,1810.9,1812.25,1787.5,1795.28,324609.073
2025-05-07 18:00:00,1795.27,1816.55,1787.59,1805.56,607241.294
2025-05-07 19:00:00,1805.57,1807.7,1786.0,1795.08,299756.539
2025-05-07 20:00:00,1795.07,1800.25,1788.0,1797.45,115599.539
2025-05-07 21:00:00,1797.44,1808.6,1795.27,1801.78,144973.818
2025-05-07 22:00:00,1801.79,1821.24,1799.65,1816.16,319413.951
2025-05-07 23:00:00,1816.17,1824.73,1807.21,1810.14,156432.962
2025-05-08 00:00:00,1810.13,1827.86,1807.72,1826.19,175539.257
2025-05-08 01:00:00,1826.19,1836.83,1819.0,1822.11,351925.221
2025-05-08 02:00:00,1822.11,1847.3,1822.11,1840.86,370199.521
2025-05-08 03:00:00,1840.86,1907.45,1838.2,1900.5,888619.566
2025-05-08 04:00:00,1900.51,1917.0,1891.88,1893.08,622532.734
2025-05-08 05:00:00,1893.08,1904.13,1891.36,1896.09,238910.771
2025-05-08 06:00:00,1896.09,1912.23,1895.31,1910.38,188267.302
2025-05-08 07:00:00,1910.38,1944.0,1907.37,1927.8,484077.681
2025-05-08 08:00:00,1927.81,1948.51,1925.0,1934.06,371100.018
2025-05-08 09:00:00,1934.06,1941.18,1928.8,1940.14,235010.093
2025-05-08 10:00:00,1940.14,1968.29,1938.32,1960.2,452798.734
2025-05-08 11:00:00,1960.2,1960.67,1944.28,1956.65,310637.52
2025-05-08 12:00:00,1956.65,1976.56,1952.57,1958.95,482731.101
2025-05-08 13:00:00,1958.94,1984.14,1958.64,1975.36,452923.678
2025-05-08 14:00:00,1975.37,2010.0,1968.11,1988.51,823027.312
2025-05-08 15:00:00,1988.51,2075.1,1986.74,2050.56,1714384.971
2025-05-08 16:00:00,2050.56,2065.93,2036.1,2049.8,585060.796
2025-05-08 17:00:00,2049.8,2057.1,2035.79,2045.52,348277.548
2025-05-08 18:00:00,2045.51,2073.78,2043.0,2066.8,416642.431
2025-05-08 19:00:00,2066.8,2140.21,2060.2,2117.59,928709.23
2025-05-08 20:00:00,2117.59,2199.09,2111.0,2184.45,1000449.37
2025-05-08 21:00:00,2184.46,2227.0,2157.0,2179.61,1081453.414
2025-05-08 22:00:00,2179.61,2196.0,2166.29,2179.0,413928.288
2025-05-08 23:00:00,2178.99,2208.04,2165.65,2206.54,352965.166
2025-05-09 00:00:00,2206.53,2214.67,2183.59,2200.1,383255.527
2025-05-09 01:00:00,2200.1,2244.9,2189.36,2206.27,612391.882
2025-05-09 02:00:00,2206.27,2216.88,2193.8,2216.01,333988.479
2025-05-09 03:00:00,2216.01,2244.9,2196.07,2204.56,554251.958
2025-05-09 04:00:00,2204.56,2222.21,2201.98,2213.19,212508.363
2025-05-09 05:00:00,2213.19,2219.39,2204.55,2214.12,172528.846
2025-05-09 06:00:00,2214.11,2259.63,2213.36,2255.94,624109.699
2025-05-09 07:00:00,2255.94,2393.67,2255.22,2363.81,1717854.394
2025-05-09 08:00:00,2363.71,2490.75,2362.0,2411.51,2249599.284
2025-05-09 09:00:00,2411.5,2423.5,2291.46,2341.09,1680705.556
2025-05-09 10:00:00,2341.08,2358.98,2328.4,2348.16,484652.894
2025-05-09 11:00:00,2348.17,2375.39,2311.81,2350.76,698110.12
2025-05-09 12:00:00,2350.75,2352.81,2325.09,2339.59,314252.813
2025-05-09 13:00:00,2339.58,2388.12,2327.25,2369.02,537706.963
2025-05-09 14:00:00,2369.01,2369.01,2270.0,2305.16,1137576.138
2025-05-09 15:00:00,2305.17,2320.84,2281.19,2300.55,552033.715
2025-05-09 16:00:00,2300.55,2315.88,2273.63,2297.7,413262.879
2025-05-09 17:00:00,2297.71,2355.0,2294.27,2349.24,412392.492
2025-05-09 18:00:00,2349.24,2351.9,2326.42,2339.23,211121.394
2025-05-09 19:00:00,2339.23,2343.69,2307.31,2330.69,207085.569
2025-05-09 20:00:00,2330.69,2351.16,2325.64,2339.2,159635.635
2025-05-09 21:00:00,2339.2,2342.58,2321.48,2337.0,94255.354
2025-05-09 22:00:00,2337.01,2345.51,2328.08,2333.88,81730.35
2025-05-09 23:00:00,2333.88,2347.1,2332.17,2344.3,79407.633
2025-05-10 00:00:00,2344.31,2379.99,2315.09,2325.76,426752.311
2025-05-10 01:00:00,2325.77,2353.72,2325.01,2334.36,156693.589
2025-05-10 02:00:00,2334.36,2348.35,2331.83,2340.98,101125.367
2025-05-10 03:00:00,2340.97,2342.09,2330.6,2338.81,90795.994
2025-05-10 04:00:00,2338.81,2338.82,2325.31,2335.98,88513.453
2025-05-10 05:00:00,2335.98,2354.61,2335.98,2352.24,131635.362
2025-05-10 06:00:00,2352.24,2377.44,2349.86,2366.61,372327.07
2025-05-10 07:00:00,2366.61,2416.5,2354.0,2399.17,421757.706
2025-05-10 08:00:00,2399.2,2435.0,2360.0,2381.69,730741.396
2025-05-10 09:00:00,2381.68,2423.29,2364.16,2400.28,475143.089
2025-05-10 10:00:00,2400.3,2428.75,2384.0,2395.73,447685.672
2025-05-10 11:00:00,2395.73,2403.27,2374.51,2383.75,319343.572
2025-05-10 12:00:00,2383.75,2420.18,2383.75,2407.37,324629.095
2025-05-10 13:00:00,2407.36,2449.99,2407.32,2437.0,428812.447
2025-05-10 14:00:00,2436.99,2444.54,2405.27,2434.99,425907.714
2025-05-10 15:00:00,2434.99,2445.5,2421.14,2432.38,290514.378
2025-05-10 16:00:00,2432.38,2474.66,2427.65,2459.9,524951.903
2025-05-10 17:00:00,2459.91,2512.0,2448.72,2459.8,914038.333
2025-05-10 18:00:00,2459.79,2506.23,2456.0,2494.46,442692.138
2025-05-10 19:00:00,2494.45,2506.88,2475.48,2498.35,247736.901
2025-05-10 20:00:00,2498.35,2503.95,2465.6,2489.84,205893.894
2025-05-10 21:00:00,2489.83,2544.79,2489.83,2532.66,434754.049
2025-05-10 22:00:00,2532.65,2585.97,2520.05,2576.7,586117.737
2025-05-10 23:00:00,2576.7,2600.76,2562.58,2581.91,749191.577
2025-05-11 00:00:00,2581.9,2608.0,2498.79,2542.88,915801.463
2025-05-11 01:00:00,2542.87,2556.99,2510.45,2531.81,317659.416
2025-05-11 02:00:00,2531.81,2565.0,2521.34,2542.39,446981.45
2025-05-11 03:00:00,2542.39,2554.07,2529.19,2536.31,162213.515
2025-05-11 04:00:00,2536.31,2550.0,2529.07,2544.13,156903.362
2025-05-11 05:00:00,2544.12,2561.68,2535.65,2553.68,204234.963
2025-05-11 06:00:00,2553.67,2554.99,2503.66,2520.09,414608.809
2025-05-11 07:00:00,2520.1,2520.1,2452.61,2472.61,762926.213
2025-05-11 08:00:00,2472.61,2504.49,2471.5,2479.92,337517.272
2025-05-11 09:00:00,2479.92,2521.41,2479.87,2514.15,269250.425
2025-05-11 10:00:00,2514.15,2520.0,2494.02,2509.5,184658.417
2025-05-11 11:00:00,2509.49,2534.8,2505.52,2529.36,231854.204
2025-05-11 12:00:00,2529.36,2530.92,2509.8,2514.41,158498.444
2025-05-11 13:00:00,2514.42,2529.51,2464.2,2468.2,540020.556
2025-05-11 14:00:00,2468.21,2493.27,2467.2,2484.77,230524.562
2025-05-11 15:00:00,2484.76,2503.99,2434.89,2461.22,445195.755
2025-05-11 16:00:00,2461.22,2479.75,2439.08,2470.05,380211.974
2025-05-11 17:00:00,2470.04,2495.06,2465.5,2490.55,227015.082
2025-05-11 18:00:00,2490.56,2514.38,2471.29,2503.84,297856.122
2025-05-11 19:00:00,2503.83,2524.38,2500.82,2506.99,200618.595
2025-05-11 20:00:00,2507.0,2511.74,2492.0,2508.69,150508.617
2025-05-11 21:00:00,2508.69,2519.44,2496.32,2515.66,106538.815
2025-05-11 22:00:00,2515.65,2527.71,2481.95,2502.16,243095.315
2025-05-11 23:00:00,2502.15,2514.27,2496.58,2513.48,109051.215
2025-05-12 00:00:00,2513.48,2544.97,2510.0,2530.21,305328.761
2025-05-12 01:00:00,2530.2,2548.0,2490.0,2504.48,328456.69
2025-05-12 02:00:00,2504.48,2535.09,2501.06,2521.78,203772.056
2025-05-12 03:00:00,2521.77,2526.28,2508.57,2519.01,104117.222
2025-05-12 04:00:00,2519.0,2526.61,2506.54,2517.19,142886.182
2025-05-12 05:00:00,2517.19,2520.29,2490.7,2496.8,183087.879
2025-05-12 06:00:00,2496.79,2521.05,2484.02,2516.66,201137.142
2025-05-12 07:00:00,2516.66,2624.84,2516.65,2553.44,1715685.814
2025-05-12 08:00:00,2553.45,2585.05,2530.62,2576.72,467473.805
2025-05-12 09:00:00,2576.72,2581.51,2546.66,2549.74,274104.966
2025-05-12 10:00:00,2549.73,2562.56,2538.52,2559.29,227451.318
2025-05-12 11:00:00,2559.29,2566.0,2520.0,2529.34,299428.655
2025-05-12 12:00:00,2529.32,2559.7,2528.01,2548.49,268303.624
2025-05-12 13:00:00,2548.5,2575.6,2542.5,2556.99,512549.382
2025-05-12 14:00:00,2556.98,2569.5,2486.11,2504.93,977255.612
2025-05-12 15:00:00,2504.93,2514.87,2478.0,2485.94,536586.727
2025-05-12 16:00:00,2485.95,2507.89,2469.33,2499.7,338330.91
2025-05-12 17:00:00,2499.7,2511.94,2463.57,2475.75,263878.181
2025-05-12 18:00:00,2475.74,2484.59,2406.55,2434.19,900431.91
2025-05-12 19:00:00,2434.19,2466.55,2427.8,2459.29,350469.155
2025-05-12 20:00:00,2459.28,2495.33,2450.88,2484.57,230420.151
2025-05-12 21:00:00,2484.57,2490.9,2466.0,2478.85,130516.142
2025-05-12 22:00:00,2478.85,2496.72,2472.85,2484.69,123185.448
2025-05-12 23:00:00,2484.69,2499.34,2484.18,2494.16,112203.133
2025-05-13 00:00:00,2494.16,2494.9,2457.6,2461.97,246806.149
2025-05-13 01:00:00,2461.97,2475.59,2438.73,2451.94,238234.543
2025-05-13 02:00:00,2451.94,2458.79,2414.36,2438.16,347240.649
2025-05-13 03:00:00,2438.16,2443.82,2416.46,2424.07,222759.11
2025-05-13 04:00:00,2424.06,2458.06,2418.84,2454.7,254246.198
2025-05-13 05:00:00,2454.69,2462.65,2438.01,2449.03,178021.476
2025-05-13 06:00:00,2449.02,2460.33,2446.34,2452.61,129106.293
2025-05-13 07:00:00,2452.61,2479.45,2451.52,2459.9,215485.788
2025-05-13 08:00:00,2459.89,2470.4,2450.57,2456.41,138739.592
2025-05-13 09:00:00,2456.41,2486.88,2455.88,2483.76,263215.768
2025-05-13 10:00:00,2483.77,2486.4,2470.55,2481.03,164472.677
2025-05-13 11:00:00,2481.03,2524.97,2477.5,2512.26,399334.257
2025-05-13 12:00:00,2512.25,2541.26,2490.13,2523.61,568268.623
2025-05-13 13:00:00,2523.62,2561.73,2517.67,2548.56,489507.796
2025-05-13 14:00:00,2548.59,2555.88,2525.5,2543.53,447180.06
2025-05-13 15:00:00,2543.53,2573.0,2538.3,2564.89,388136.381
2025-05-13 16:00:00,2564.88,2600.0,2558.61,2596.85,561794.296
2025-05-13 17:00:00,2596.85,2622.0,2589.02,2609.6,536766.909
2025-05-13 18:00:00,2609.61,2671.6,2604.81,2668.83,586548.656
2025-05-13 19:00:00,2668.82,2738.62,2652.43,2690.02,1084152.661
2025-05-13 20:00:00,2690.02,2696.63,2653.0,2688.67,540298.002
2025-05-13 21:00:00,2688.67,2692.0,2668.6,2689.97,204166.184
2025-05-13 22:00:00,2689.97,2706.98,2674.55,2678.88,260983.659
2025-05-13 23:00:00,2678.9,2685.9,2656.0,2678.59,230713.28
2025-05-14 00:00:00,2678.58,2699.99,2671.23,2694.93,247352.689
2025-05-14 01:00:00,2694.96,2724.96,2664.24,2670.5,561935.745
2025-05-14 02:00:00,2670.5,2671.24,2620.8,2637.17,629164.174
2025-05-14 03:00:00,2637.17,2646.85,2623.01,2645.78,202801.375
2025-05-14 04:00:00,2645.79,2673.87,2635.06,2673.4,219481.281
2025-05-14 05:00:00,2673.48,2686.61,2662.0,2672.1,211522.181
2025-05-14 06:00:00,2672.1,2676.74,2658.68,2672.65,116076.464
2025-05-14 07:00:00,2672.65,2673.29,2638.0,2639.14,260141.67
2025-05-14 08:00:00,2639.15,2644.71,2586.0,2596.41,521006.976
2025-05-14 09:00:00,2596.4,2609.11,2575.0,2606.53,382755.008
2025-05-14 10:00:00,2606.52,2615.92,2587.63,2594.78,282153.217
2025-05-14 11:00:00,2594.79,2634.64,2594.78,2624.16,321909.784
2025-05-14 12:00:00,2624.16,2634.52,2603.0,2611.8,232341.109
2025-05-14 13:00:00,2611.81,2626.25,2576.3,2605.1,438736.612
2025-05-14 14:00:00,2605.11,2605.39,2557.0,2582.34,513668.047
2025-05-14 15:00:00,2582.34,2600.0,2559.34,2596.28,311115.149
2025-05-14 16:00:00,2596.28,2598.76,2577.33,2588.9,259482.106
2025-05-14 17:00:00,2588.9,2591.4,2545.0,2589.03,345282.892
2025-05-14 18:00:00,2589.02,2613.5,2578.54,2612.49,268355.435
2025-05-14 19:00:00,2612.48,2616.82,2597.42,2603.85,176140.254
2025-05-14 20:00:00,2603.86,2609.99,2596.27,2599.34,85687.303
2025-05-14 21:00:00,2599.34,2609.71,2582.31,2605.38,127208.963
2025-05-14 22:00:00,2605.38,2606.88,2585.63,2594.83,81633.431
2025-05-14 23:00:00,2594.84,2612.88,2582.65,2608.74,118326.286
2025-05-15 00:00:00,2608.75,2646.1,2606.0,2630.94,266343.873
2025-05-15 01:00:00,2630.94,2636.0,2565.9,2576.81,343253.13
2025-05-15 02:00:00,2576.8,2597.27,2570.0,2590.08,185264.242
2025-05-15 03:00:00,2590.07,2593.95,2568.9,2573.77,144890.627
2025-05-15 04:00:00,2573.77,2594.44,2570.89,2592.17,135303.826
2025-05-15 05:00:00,2592.16,2595.73,2562.28,2566.94,215099.67
2025-05-15 06:00:00,2566.93,2582.88,2554.45,2572.59,261570.616
2025-05-15 07:00:00,2572.58,2576.47,2513.8,2529.6,585747.992
2025-05-15 08:00:00,2529.59,2566.39,2527.41,2563.41,351364.949
2025-05-15 09:00:00,2563.41,2565.69,2521.01,2538.32,356099.112
2025-05-15 10:00:00,2538.32,2545.0,2515.68,2542.37,295648.178
2025-05-15 11:00:00,2542.36,2565.0,2541.48,2553.81,222542.284
2025-05-15 12:00:00,2553.81,2578.99,2542.0,2551.87,393209.475
2025-05-15 13:00:00,2551.88,2567.64,2500.04,2530.48,556600.591
2025-05-15 14:00:00,2530.48,2540.0,2475.61,2499.02,749033.59
2025-05-15 15:00:00,2499.03,2568.34,2496.56,2562.9,629295.586
2025-05-15 16:00:00,2562.91,2598.87,2554.0,2598.27,516878.869
2025-05-15 17:00:00,2598.27,2603.52,2566.0,2570.58,368054.166
2025-05-15 18:00:00,2570.58,2577.77,2519.01,2523.99,519987.134
2025-05-15 19:00:00,2524.0,2547.04,2510.59,2529.77,300804.203
2025-05-15 20:00:00,2529.77,2543.34,2514.28,2535.83,201913.225
2025-05-15 21:00:00,2535.81,2540.64,2510.49,2533.88,128353.994
2025-05-15 22:00:00,2533.88,2563.61,2530.81,2540.18,180789.741
2025-05-15 23:00:00,2540.17,2549.51,2515.0,2547.75,207628.549
2025-05-16 00:00:00,2547.76,2564.88,2538.19,2543.69,172111.978
2025-05-16 01:00:00,2543.69,2568.75,2533.15,2565.99,175311.296
2025-05-16 02:00:00,2565.99,2582.44,2553.0,2569.93,136066.764
